{"cameraMode":{"drawMode":0,"name":"Shaded","section":"Shading Mode"},"sceneLighting":false,"audioPlay":false,"sceneViewState":{"m_AlwaysRefresh":false,"showFog":true,"showSkybox":false,"showFlares":true,"showImageEffects":true,"showParticleSystems":true,"showVisualEffectGraphs":true,"m_FxEnabled":true},"in2DMode":false,"pivot":{"x":3.0563182830810549,"y":3.100707530975342,"z":0.5044217109680176},"rotation":{"x":0.29515600204467776,"y":-0.4617736041545868,"z":0.16626258194446565,"w":0.8197590112686157},"size":2.3856966495513918,"orthographic":true}