{"cameraMode":{"drawMode":0,"name":"Shaded","section":"Shading Mode"},"sceneLighting":false,"audioPlay":false,"sceneViewState":{"m_AlwaysRefresh":false,"showFog":true,"showSkybox":false,"showFlares":true,"showImageEffects":true,"showParticleSystems":true,"showVisualEffectGraphs":true,"m_FxEnabled":true},"in2DMode":false,"pivot":{"x":1.6224067211151124,"y":1.504430890083313,"z":-0.5352990031242371},"rotation":{"x":0.12258891016244888,"y":-0.18494665622711183,"z":0.023258782923221589,"w":0.9747955799102783},"size":0.7451001405715942,"orthographic":false}