{"cameraMode":{"drawMode":0,"name":"Shaded","section":"Shading Mode"},"sceneLighting":false,"audioPlay":false,"sceneViewState":{"m_AlwaysRefresh":false,"showFog":true,"showSkybox":false,"showFlares":true,"showImageEffects":true,"showParticleSystems":true,"showVisualEffectGraphs":true,"m_FxEnabled":true},"in2DMode":false,"pivot":{"x":1.5464448928833008,"y":-0.36810779571533205,"z":-6.4921441078186039},"rotation":{"x":0.17426833510398866,"y":-0.5729711651802063,"z":0.1262625753879547,"w":0.7908177375793457},"size":1.4142268896102906,"orthographic":false}