{"cameraMode":{"drawMode":0,"name":"Shaded","section":"Shading Mode"},"sceneLighting":false,"audioPlay":false,"sceneViewState":{"m_AlwaysRefresh":false,"showFog":true,"showSkybox":false,"showFlares":true,"showImageEffects":true,"showParticleSystems":true,"showVisualEffectGraphs":true,"m_FxEnabled":true},"in2DMode":false,"pivot":{"x":0.37858542799949648,"y":1.1371574401855469,"z":-1.077555537223816},"rotation":{"x":0.3115116059780121,"y":-0.26862668991088869,"z":0.09228091686964035,"w":0.9067997932434082},"size":0.30780214071273806,"orthographic":false}