{"cameraMode":{"drawMode":0,"name":"Shaded","section":"Shading Mode"},"sceneLighting":false,"audioPlay":false,"sceneViewState":{"m_AlwaysRefresh":false,"showFog":true,"showSkybox":false,"showFlares":true,"showImageEffects":true,"showParticleSystems":true,"showVisualEffectGraphs":true,"m_FxEnabled":true},"in2DMode":false,"pivot":{"x":1.4065452814102173,"y":-0.7343028783798218,"z":-1.0888888835906983},"rotation":{"x":-0.05307438224554062,"y":-0.9425501823425293,"z":0.18175983428955079,"w":-0.2752251625061035},"size":11.882885932922364,"orthographic":true}