{"cameraMode":{"drawMode":0,"name":"Shaded","section":"Shading Mode"},"sceneLighting":false,"audioPlay":false,"sceneViewState":{"m_AlwaysRefresh":false,"showFog":true,"showSkybox":false,"showFlares":true,"showImageEffects":true,"showParticleSystems":true,"showVisualEffectGraphs":true,"m_FxEnabled":true},"in2DMode":false,"pivot":{"x":1.6435483694076539,"y":-0.11285096406936646,"z":-0.32943975925445559},"rotation":{"x":0.09767559170722962,"y":0.8604568839073181,"z":-0.18016213178634644,"w":0.4664965569972992},"size":2.100832223892212,"orthographic":false}